Unnamed: 0,序号,作物编号,作物名称,地块类型,种植季次,亩产量/斤,种植成本/(元/亩),销售单价/(元/斤),确切销售单价/(元/斤),亩利润/(元/亩)
0,1,1,黄豆,平旱地,单季,400.0,400.0,2.50-4.00,3.25,900.0
1,2,2,黑豆,平旱地,单季,500.0,400.0,6.50-8.50,7.5,3350.0
2,3,3,红豆,平旱地,单季,400.0,350.0,7.50-9.00,8.25,2950.0
3,4,4,绿豆,平旱地,单季,350.0,350.0,6.00-8.00,7.0,2100.0
4,5,5,爬豆,平旱地,单季,415.0,350.0,6.00-7.50,6.75,2451.25
5,6,6,小麦,平旱地,单季,800.0,450.0,3.00-4.00,3.5,2350.0
6,7,7,玉米,平旱地,单季,1000.0,500.0,2.50-3.50,3.0,2500.0
7,8,8,谷子,平旱地,单季,400.0,360.0,6.00-7.50,6.75,2340.0
8,9,9,高粱,平旱地,单季,630.0,400.0,5.50-6.50,6.0,3380.0
9,10,10,黍子,平旱地,单季,525.0,360.0,6.50-8.50,7.5,3577.5
10,11,11,荞麦,平旱地,单季,110.0,350.0,30.00-50.00,40.0,4050.0
11,12,12,南瓜,平旱地,单季,3000.0,1000.0,1.00-2.00,1.5,3500.0
12,13,13,红薯,平旱地,单季,2200.0,2000.0,2.50-4.00,3.25,5150.0
13,14,14,莜麦,平旱地,单季,420.0,400.0,5.00-6.00,5.5,1910.0
14,15,15,大麦,平旱地,单季,525.0,350.0,3.00-4.00,3.5,1487.5
15,16,1,黄豆,梯田,单季,380.0,400.0,2.50-4.00,3.25,835.0
16,17,2,黑豆,梯田,单季,475.0,400.0,6.50-8.50,7.5,3162.5
17,18,3,红豆,梯田,单季,380.0,350.0,7.50-9.00,8.25,2785.0
18,19,4,绿豆,梯田,单季,330.0,350.0,6.00-8.00,7.0,1960.0
19,20,5,爬豆,梯田,单季,395.0,350.0,6.00-7.50,6.75,2316.25
20,21,6,小麦,梯田,单季,760.0,450.0,3.00-4.00,3.5,2210.0
21,22,7,玉米,梯田,单季,950.0,500.0,2.50-3.50,3.0,2350.0
22,23,8,谷子,梯田,单季,380.0,360.0,6.00-7.50,6.75,2205.0
23,24,9,高粱,梯田,单季,600.0,400.0,5.50-6.50,6.0,3200.0
24,25,10,黍子,梯田,单季,500.0,360.0,6.50-8.50,7.5,3390.0
25,26,11,荞麦,梯田,单季,105.0,350.0,30.00-50.00,40.0,3850.0
26,27,12,南瓜,梯田,单季,2850.0,1000.0,1.00-2.00,1.5,3275.0
27,28,13,红薯,梯田,单季,2100.0,2000.0,2.50-4.00,3.25,4825.0
28,29,14,莜麦,梯田,单季,400.0,400.0,5.00-6.00,5.5,1800.0
29,30,15,大麦,梯田,单季,500.0,350.0,3.00-4.00,3.5,1400.0
30,31,1,黄豆,山坡地,单季,360.0,400.0,2.50-4.00,3.25,770.0
31,32,2,黑豆,山坡地,单季,450.0,400.0,6.50-8.50,7.5,2975.0
32,33,3,红豆,山坡地,单季,360.0,350.0,7.50-9.00,8.25,2620.0
33,34,4,绿豆,山坡地,单季,315.0,350.0,6.00-8.00,7.0,1855.0
34,35,5,爬豆,山坡地,单季,375.0,350.0,6.00-7.50,6.75,2181.25
35,36,6,小麦,山坡地,单季,720.0,450.0,3.00-4.00,3.5,2070.0
36,37,7,玉米,山坡地,单季,900.0,500.0,2.50-3.50,3.0,2200.0
37,38,8,谷子,山坡地,单季,360.0,360.0,6.00-7.50,6.75,2070.0
38,39,9,高粱,山坡地,单季,570.0,400.0,5.50-6.50,6.0,3020.0
39,40,10,黍子,山坡地,单季,475.0,360.0,6.50-8.50,7.5,3202.5
40,41,11,荞麦,山坡地,单季,100.0,350.0,30.00-50.00,40.0,3650.0
41,42,12,南瓜,山坡地,单季,2700.0,1000.0,1.00-2.00,1.5,3050.0
42,43,13,红薯,山坡地,单季,2000.0,2000.0,2.50-4.00,3.25,4500.0
43,44,14,莜麦,山坡地,单季,380.0,400.0,5.00-6.00,5.5,1690.0
44,45,15,大麦,山坡地,单季,475.0,350.0,3.00-4.00,3.5,1312.5
45,46,16,水稻,水浇地,单季,500.0,680.0,6.00-8.00,7.0,2820.0
46,47,17,豇豆,水浇地,第一季,3000.0,2000.0,7.00-9.00,8.0,22000.0
47,48,18,刀豆,水浇地,第一季,2000.0,1000.0,5.50-8.00,6.75,12500.0
48,49,19,芸豆,水浇地,第一季,3000.0,2000.0,5.00-8.00,6.5,17500.0
49,50,20,土豆,水浇地,第一季,2000.0,2000.0,3.00-4.50,3.75,5500.0
50,51,21,西红柿,水浇地,第一季,2400.0,2000.0,5.00-7.50,6.25,13000.0
51,52,22,茄子,水浇地,第一季,6400.0,2000.0,5.00-6.00,5.5,33200.0
52,53,23,菠菜 ,水浇地,第一季,2700.0,2300.0,4.80-6.70,5.75,13225.0
53,54,24,青椒,水浇地,第一季,2400.0,1600.0,4.00-6.50,5.25,11000.0
54,55,25,菜花,水浇地,第一季,3300.0,2400.0,5.00-6.00,5.5,15750.0
55,56,26,包菜,水浇地,第一季,3700.0,2900.0,5.50-7.50,6.5,21150.0
56,57,27,油麦菜,水浇地,第一季,4100.0,1600.0,4.00-6.00,5.0,18900.0
57,58,28,小青菜,水浇地,第一季,3200.0,1600.0,5.00-6.50,5.75,16800.0
58,59,29,黄瓜,水浇地,第一季,12000.0,2900.0,6.00-8.00,7.0,81100.0
59,60,30,生菜 ,水浇地,第一季,4100.0,1600.0,4.50-6.00,5.25,19925.0
60,61,31,辣椒,水浇地,第一季,1600.0,1000.0,6.00-8.50,7.25,10600.0
61,62,32,空心菜,水浇地,第一季,10000.0,4100.0,3.00-6.00,4.5,40900.0
62,63,33,黄心菜,水浇地,第一季,5000.0,2000.0,4.00-5.00,4.5,20500.0
63,64,34,芹菜,水浇地,第一季,5500.0,900.0,3.20-4.80,4.0,21100.0
64,65,17,豇豆,普通大棚 ,第一季,3600.0,2400.0,7.00-9.00,8.0,26400.0
65,66,18,刀豆,普通大棚 ,第一季,2400.0,1200.0,5.50-8.00,6.75,15000.0
66,67,19,芸豆,普通大棚 ,第一季,3600.0,2400.0,5.00-8.00,6.5,21000.0
67,68,20,土豆,普通大棚 ,第一季,2400.0,2400.0,3.00-4.50,3.75,6600.0
68,69,21,西红柿,普通大棚 ,第一季,3000.0,2400.0,5.00-7.50,6.25,16350.0
69,70,22,茄子,普通大棚 ,第一季,8000.0,2400.0,5.00-6.00,5.5,41600.0
70,71,23,菠菜 ,普通大棚 ,第一季,3300.0,2700.0,4.80-6.70,5.75,16275.0
71,72,24,青椒,普通大棚 ,第一季,3000.0,2000.0,4.00-6.50,5.25,13750.0
72,73,25,菜花,普通大棚 ,第一季,4000.0,3000.0,5.00-6.00,5.5,19000.0
73,74,26,包菜,普通大棚 ,第一季,4500.0,3500.0,5.50-7.50,6.5,25750.0
74,75,27,油麦菜,普通大棚 ,第一季,5000.0,2000.0,4.00-6.00,5.0,23000.0
75,76,28,小青菜,普通大棚 ,第一季,4000.0,2000.0,5.00-6.50,5.75,21000.0
76,77,29,黄瓜,普通大棚 ,第一季,15000.0,3500.0,6.00-8.00,7.0,101500.0
77,78,30,生菜 ,普通大棚 ,第一季,5000.0,2000.0,4.50-6.00,5.25,24250.0
78,79,31,辣椒,普通大棚 ,第一季,2000.0,1200.0,6.00-8.50,7.25,13300.0
79,80,32,空心菜,普通大棚 ,第一季,12000.0,5000.0,3.00-6.00,4.5,49000.0
80,81,33,黄心菜,普通大棚 ,第一季,6000.0,2500.0,4.00-5.00,4.5,24500.0
81,82,34,芹菜,普通大棚 ,第一季,6600.0,1100.0,3.20-4.80,4.0,25300.0
82,83,35,大白菜,水浇地,第二季,5000.0,2000.0,2.00-3.00,2.5,10500.0
83,84,36,白萝卜,水浇地,第二季,4000.0,500.0,2.00-3.00,2.5,9500.0
84,85,37,红萝卜,水浇地,第二季,3000.0,500.0,2.50-4.00,3.25,9250.0
85,86,38,榆黄菇,普通大棚 ,第二季,5000.0,3000.0,50.00-65.00,57.5,284500.0
86,87,39,香菇,普通大棚 ,第二季,4000.0,2000.0,18.00-20.00,19.0,74000.0
87,88,40,白灵菇,普通大棚 ,第二季,10000.0,10000.0,14.00-18.00,16.0,150000.0
88,89,41,羊肚菌,普通大棚 ,第二季,1000.0,10000.0,80.00-120.00,100.0,90000.0
89,90,17,豇豆,智慧大棚,第二季,3200.0,2640.0,8.40-10.80,9.6,28080.000000000004
90,91,18,刀豆,智慧大棚,第二季,2200.0,1320.0,6.60-9.60,8.1,16500.0
91,92,19,芸豆,智慧大棚,第二季,3200.0,2640.0,6.00-9.60,7.8,22320.0
92,93,20,土豆,智慧大棚,第二季,2200.0,2640.0,3.60-5.40,4.5,7260.0
93,94,21,西红柿,智慧大棚,第二季,2700.0,2640.0,6.00-9.00,7.5,17610.0
94,95,22,茄子,智慧大棚,第二季,7200.0,2640.0,6.00-7.20,6.6,44880.0
95,96,23,菠菜 ,智慧大棚,第二季,3000.0,3000.0,5.80-8.00,6.9,17700.0
96,97,24,青椒,智慧大棚,第二季,2700.0,2200.0,5.80-7.80,6.8,16160.0
97,98,25,菜花,智慧大棚,第二季,3600.0,3300.0,6.00-7.20,6.6,20460.0
98,99,26,包菜,智慧大棚,第二季,4100.0,3850.0,6.60-9.00,7.8,28130.0
99,100,27,油麦菜,智慧大棚,第二季,4500.0,2200.0,4.80-7.20,6.0,24800.0
100,101,28,小青菜,智慧大棚,第二季,3600.0,2200.0,6.00-7.80,6.9,22640.0
101,102,29,黄瓜,智慧大棚,第二季,13500.0,3850.0,7.20-9.60,8.4,109550.0
102,103,30,生菜 ,智慧大棚,第二季,4500.0,2200.0,5.40-7.20,6.3000000000000025,26150.000000000004
103,104,31,辣椒,智慧大棚,第二季,1800.0,1300.0,7.20-10.20,8.7,14359.999999999998
104,105,32,空心菜,智慧大棚,第二季,11000.0,5500.0,3.60-7.20,5.4,53900.00000000001
105,106,33,黄心菜,智慧大棚,第二季,5400.0,2750.0,4.80-6.00,5.4,26410.000000000004
106,107,34,芹菜,智慧大棚,第二季,6000.0,1200.0,3.80-5.80,4.8,27600.0
107,65,17,豇豆,智慧大棚,第一季,3600.0,2400.0,7.00-9.00,8.0,26400.0
108,66,18,刀豆,智慧大棚,第一季,2400.0,1200.0,5.50-8.00,6.75,15000.0
109,67,19,芸豆,智慧大棚,第一季,3600.0,2400.0,5.00-8.00,6.5,21000.0
110,68,20,土豆,智慧大棚,第一季,2400.0,2400.0,3.00-4.50,3.75,6600.0
111,69,21,西红柿,智慧大棚,第一季,3000.0,2400.0,5.00-7.50,6.25,16350.0
112,70,22,茄子,智慧大棚,第一季,8000.0,2400.0,5.00-6.00,5.5,41600.0
113,71,23,菠菜 ,智慧大棚,第一季,3300.0,2700.0,4.80-6.70,5.75,16275.0
114,72,24,青椒,智慧大棚,第一季,3000.0,2000.0,4.00-6.50,5.25,13750.0
115,73,25,菜花,智慧大棚,第一季,4000.0,3000.0,5.00-6.00,5.5,19000.0
116,74,26,包菜,智慧大棚,第一季,4500.0,3500.0,5.50-7.50,6.5,25750.0
117,75,27,油麦菜,智慧大棚,第一季,5000.0,2000.0,4.00-6.00,5.0,23000.0
118,76,28,小青菜,智慧大棚,第一季,4000.0,2000.0,5.00-6.50,5.75,21000.0
119,77,29,黄瓜,智慧大棚,第一季,15000.0,3500.0,6.00-8.00,7.0,101500.0
120,78,30,生菜 ,智慧大棚,第一季,5000.0,2000.0,4.50-6.00,5.25,24250.0
121,79,31,辣椒,智慧大棚,第一季,2000.0,1200.0,6.00-8.50,7.25,13300.0
122,80,32,空心菜,智慧大棚,第一季,12000.0,5000.0,3.00-6.00,4.5,49000.0
123,81,33,黄心菜,智慧大棚,第一季,6000.0,2500.0,4.00-5.00,4.5,24500.0
124,82,34,芹菜,智慧大棚,第一季,6600.0,1100.0,3.20-4.80,4.0,25300.0
